,Model,F1
0,Random Forest,0.72
1,Random Forest + random search,0.79
2,Desicion Tree + all features,0.82
3,Desicion Tree + random forest features,0.74
4,KNN + all features,0.72
5,KNN + random forest features,0.66
6,XGB + all features,0.79
7,XGB + random forest features,0.66
8,LogesticRegression + all features,0.75
9,LogesticRegression + random forest features,0.66
10,SDG+Lasso + all features,0.54
11,SDG+Lasso + random forest features,0.4
12,SDG+Ridge + all features,0.64
13,SDG+Ridge + random forest features,0.6
14,SDG+ElasticNet + all features,0.54
15,SDG+ElasticNet + random forest features,0.6
16,NN+RandomSearch + all features,0.82
17,NN+RandomSearch+L2 + all features,0.79
18,NN+RandomSearch+L1 + all features,0.79
19,NN+RandomSearch+Dropout + all features,0.76
20,NN+Hyperband_opt + all features,0.81
21,NN+Beysian + all features,0.73
22,NN+RandomSearch + random forest features,0.75
23,NN+RandomSearch+L2 + random forest features,0.76
24,NN+RandomSearch+L1 + random forest features,0.72
25,NN+RandomSearch+Dropout + random forest features,0.76
26,NN+Hyperband_opt + random forest features,0.74
27,NN+Beysian + random forest features,0.76
