,Model,F1
0,Random Forest,0.47
1,Random Forest + random search,0.52
2,Desicion Tree + all features,0.14
3,Desicion Tree + random forest features,0.44
4,KNN + all features,0.35
5,KNN + random forest features,0.31
6,XGB + all features,0.63
7,XGB + random forest features,0.52
8,LogesticRegression + all features,0.54
9,LogesticRegression + random forest features,0.44
10,SDG+Lasso + all features,0.0
11,SDG+Lasso + random forest features,0.0
12,SDG+Ridge + all features,0.52
13,SDG+Ridge + random forest features,0.28
14,SDG+ElasticNet + all features,0.47
15,SDG+ElasticNet + random forest features,0.28
16,NN+Random_search + all features,0.64
17,NN+Random_search+L2 + all features,0.62
18,NN+Random_search+L1 + all features,0.52
19,NN+Random_search+Dropout + all features,0.6
20,NN+Hyperband_opt + all features,0.55
21,NN+Beysian_opt + all features,0.59
22,NN+Random_search + random forest features,0.63
23,NN+Random_search+L2 + random forest features,0.51
24,NN+Random_search+L1 + random forest features,0.42
25,NN+Random_search+Dropout + random forest features,0.63
26,NN+Hyperband_opt + random forest features,0.61
27,NN+Beysian + random forest features,0.42
