Model,RMSE,MAE
LinearRegression all features,0.25,0.18
LinearRegression linear features,0.27,0.17
polynomial regression all features,0.25,0.18
polynomial regression linear features,0.23,0.16
Random Forest without randomized search,0.24,0.17
Random Forest with randomized search,0.23,0.17
Decision Tree on all features,0.25,0.17
Decision Tree on random forest features,0.24,0.17
KNeighborsRegressor on all features,0.22,0.16
KNeighborsRegressor on random forest features,0.21,0.16
XGB on all features,0.24,0.16
XGB on random forest features,0.23,0.16
Ridge regression on all features,0.24,0.17
Ridge regression on random forest features,0.24,0.18
Lasso regression on all features,0.23,0.17
Lasso regression on random forest features,0.23,0.17
Elastic Net regression on all features,0.23,0.17
Elastic Net regression on random forest features,0.24,0.17
SGD on all features,0.29,0.22
SGD on random forest features,0.24,0.18
SGD + Lasso on all features,0.28,0.18
SGD + Lasso on random forest features,0.31,0.2
SGD + Ridge on all features,0.26,0.19
SGD + Lasso on random forest features,0.26,0.18
SGD + Elastic Net on all features,0.25,0.19
SGD + Elastic Net on random forest features,0.26,0.18
NN + random_search + L1 on all features,NA,4.9
NN + hyperband_opt on all features,NA,0.53
NN + bayesian_opt on all features,NA,5.35
NN + random_search on random forest features,NA,4.66
NN + hyperband on random forest features,NA,2.09
NN + bayesian_opt on random forest features,NA,4.66
